Modèle,Hamming Loss,AUC-ROC (Macro),Precision (Micro),Recall (Micro),F1-score (Micro),Precision (Macro),Recall (Macro),F1-score (Macro)
LSTM Simple (Baseline),0.04148569322698676,0.797423749155232,0.0,0.0,0.3898567557104142,0.0,0.0,0.1774320531344761
BiLSTM + Attention (Weighted Loss),0.03928768854141988,0.797423749155232,0.6216949152542373,0.1448886079949439,0.23500768836494107,0.14965122020035218,0.07889654031182132,0.09198857914595696
